name,price,status,shipping,freereturns,items_sold
Brooklyn Nets Fan Chain Pendant 5+ Necklace Colors NBA Basketball Man Christmas,3299,Brand New,0,False,
Toronto Raptors Fan Hype Chain Pendant 5+ Necklace Colors NBA Basketball Gift,3299,Brand New,0,False,
Derek Fisher Lakers 1996-97 Topps Basketball RC Lot of 9 Cards #206,1799,Pre-Owned,,True,
Oklahoma City Thunder 3x5 ft Flag Banner NBA Basketball,1599,Brand New,,False,
2024-25 Panini NBA Basketball Sticker Singles - #203 to #397 Create Own Lot,395,Pre-Owned,,False,
"2025 Panini Donruss WNBA - You Pick - Rated Rookies, Inserts, Parallels, Clark",125,Pre-Owned,,False,
2025-26 TOPPS Fanatics VALUE BLASTER 40-BOX CASE NBA Basketball Brand New Sealed,255999,Brand New,0,False,0
2025-26 Valiant Michigan Mens & Womens Basketball PICK A PLAYER Base/Insert card,599,Pre-Owned,,False,
1987 1988 FLEER BASKETBALL YOU PICK #1 - #132 NMMT **** FREE SHIPPING ****,600,Pre-Owned,0,False,
Charlotte Hornets 3x5 ft Flag Banner NBA Basketball Fast Free Shipping,1298,Brand New,,False,
2025-26 Topps NBA Match Attax Wemby Cooper Flagg Sealed Box 10 Power Packs US!,2999,Brand New,,False,565
DETROIT PISTONS BASKETBALL LICENSED COTTON FABRIC FQ,445,Brand New,,False,178
Mythos Cards BCL Hoops Champions Premier Edition #264-440 - You Pick,279,Pre-Owned,0,False,
2025-26 TOPPS CHROME HOBBY 12-BOX CASE (12 AUTOS) NBA Basketball Brand New QTY,1599999,Brand New,0,False,0
Notre Dame Basketball Fighting Irish Fan Chain Necklace College Leprechaun,3299,Brand New,0,False,
Authentic Basketball Sterling Silver Charm 791201EN44,3599,New (Other),,False,11
NYC Basketball Snapback Hat – Black Mint Suede Brim – New York Streetwear Cap,4000,Brand New,0,False,
2025-26 Topps Flagship Basketball Power Players Insert Complete Your Set,199,Pre-Owned,,False,
2023-24 Mosaic Basketball YELLOW PRIZMS with Rookies You Pick - 2 Card Minimum,499,Pre-Owned,0,False,
B7842- 2025-26 Topps Chrome Basketball Inserts G3 -You Pick- 15+ FREE US SHIP,1050,Pre-Owned,,True,
Indiana Fever Fan Hype Chain Pendant 5+ Necklace Colors WNBA Basketball Gift,3299,Brand New,0,False,
"WILSON Men's Evolution Game Basketball (29.5"") - Official Size & Weight",3450,Brand New,0,True,
Mythos Cards BCL Hoops Champion Season X Edition - You Pick - 1/2,499,Pre-Owned,,False,
2025-26 Topps Chrome Basketball NBA #1-300 YOU PICK RC & Vets COMPLETE YOUR SET,259,Pre-Owned,,False,
1989 1990 FLEER BASKETBALL YOU PICK #1 - #168 NMMT **** FREE SHIPPING ****,300,Pre-Owned,0,False,7
2025-26 Topps Basketball INSERTS U Pick STARS/DRIBBLE/NEW SCHOOL/RISE 30 off 4+,299,Pre-Owned,,False,
2025-26 Topps Chrome Basketball Pick Your Insert - Buy More & Save,1349,Pre-Owned,,False,
Wilson Evolution Game Basketball (29.5”) – Official Men’s Size – Indoor/Outdoor,3989,Brand New,0,False,
2024-25 Topps CHROME Basketball HOBBY 12-BOX CASE (24 AUTOS) Brand New Sealed,287999,Brand New,0,False,0
Basketball Funeral Cremation Urns For Ashes Funeral Gift For Loved One 3 Inch,3999,Brand New,0,False,
"WILSON Men's Evolution Game Basketball (29.5"") - Official Size & Weight",3450,Brand New,0,True,
"Men's  Jordan 4 ""Military Black"" Retro basketball Mid Top Shoes Sneaker",9300,New (Other) · Size US M 7 + more,,False,7
BASKETBALL IS LIFE 90s Style Retro Tee Shirt Short-Sleeve Unisex T-Shirt,2614,Brand New,,False,
1998-99 Upper Deck MJ Timeframe Michael Jordan - PICK YOUR CARD!,199,Pre-Owned,,True,
Nike NBA Elite Socks - Knee Highs Large,1999,Brand New,,False,
Wilson Evolution 29.5” Official Indoor Basketball Composite Leather Game Ball,3599,Brand New,0,False,
30 x Tall Sports Card Team Dividers with 30 NBA Teams Logos,875,Brand New,,False,183
"Men's Jordan 4 ""What The"" Retro Mid Top White Basketball Sneakera Shoes",8400,New (Other) · Size US M 10 + more,,False,12
Philadelphia 76ers Fan Hype Chain Pendant 5+ Necklace Colors NBA Basketball Gift,3299,Brand New,0,False,
2025/26 Topps MEGA Monster 20-BOX CASE NBA Basketball Brand New Sealed QTY,239999,Brand New,0,False,0
1995-96 FLEER METAL BASKETBALL CARDS YOU CHOOSE 75-220 NBA CARD,129,Pre-Owned,0,True,
2025 Panini Monopoly Prizm Basketball Red Wave BX031,100,Pre-Owned,,True,
Size 5 Orange Basketball Indoor Outdoor Durable Rubber Composite Cover,1249,Brand New,0,True,
2021-22 Prizm Basketball ORANGE ICE PRIZMS 242-330 You Pick - 2 Card Minimum,250,Pre-Owned,0,False,
6PCS Tattoo Cooling Arm Sleeves Cover Basketball Golf Sport UV Sun Protection,699,Brand New,0,True,29
Lifeworks Rubber Basketball Official Size 7 Indoor Outdoor Heavy Duty Orange,1290,Brand New,0,False,
3-12 Pairs Mens Plain Solid Cotton Sports Ankle Athletic Socks Low Cut Size 9-13,1788,Brand New,0,True,61
Portable 8 inches Ball Pump Kit Balloon Pump Basketball Pump Air Pump,1399,Brand New,0,True,21
Nike FREE METCON 6 Men's Black White FJ7127-001 Running Sneakers Shoes,6995,Brand New · Size US M 8 + more,0,False,9
"US Men's Size 7-12 Jordan 4 Retro ""Black Cat"" Basketball Shoes Mid Top",8900,New (Other) · Size US M 8 + more,,False,22
The Rock Official Womens 28.5 Composite Leather Basketball (NEW),4699,Brand New,,False,
Wilson Evolution Basketball 29.5” Official Indoor Game Ball Black Composite Leat,3899,Brand New,0,False,
Men's Bulls Basketball Short Pants Stitched With Pocket S-3XL,3999,Brand New,0,False,
2022-23 NBA Hoops WINTER Basketball Base COMPLETE your set Pick card!,139,Pre-Owned,,False,
1997 Metal Universe Pick Your Card Basketball Card,300,Pre-Owned,0,True,
2023-24 Panini Prizm Monopoly Basketball PICK YOUR CARD COMPLETE YOUR SET,249,Pre-Owned,0,True,
"Nike Everyday All-Court 8P Basketball Graphic 7 29.5"" Black/Metallic Gold",1995,Brand New,,False,0
2025-26 Topps Chrome Basketball Inserts - Pick your Cards,1500,Pre-Owned,,False,
2025-26 TOPPS CHROME FANATICS MEGA BOX 20-BOX CASE NBA Basketball Brand New QTY,999999,Brand New,0,False,0
2025 TOPPS CHROME McDonald's HOBBY 12-BOX CASE All-American Basketball New QTY,499999,Brand New,0,False,6
