name,price,status,shipping,free_returns,items_sold
Gaming Mouse 7 Button USB Wired LED Breathing Fire Button 3200 DPI Laptop PC,795,,0,True,467
HP G200 wired gaming mouse white 4000 max DPI,1899,,0,,
Wireless Mouse Gaming Rechargeable Optical Mouse Cordless 7 Color LED Backlit PC,1539,,0,True,495
Turtle Beach Kone XP Air Gaming Mouse,6499,,0,True,
Logitech PRO X2 SUPERSTRIKE LIGHTSPEED Wireless Gaming Mouse - Pro Series - New,24999,,0,,
Wireless Optical Mouse Mice 2.4GHz USB Receiver For Laptop PC Computer DPI lot,499,,0,True,
Wireless Optical Mouse Mice 2.4GHz USB Receiver For Laptop PC Computer DPI lot,499,,0,True,
Wireless Optical Mouse Mice 2.4GHz USB Receiver For Laptop PC Computer DPI lot,499,,0,True,
Gaming Mouse 7 Button USB Wired LED Breathing Fire Button 3200 DPI Laptop PC,675,,0,True,555
Gaming Mouse LED Breathing Fire 4 Button Silent USB Wired 1600 DPI Laptop PC USA,607,,0,True,
Glorious Forge Model O Pro Wireless Red Fox,2599,Refurbished,0,True,61
SteelSeries Rival 3 Wireless Gaming Mouse,1989,Refurbished,0,True,281
"Logitech PRO X SUPERLIGHT Wireless Gaming Mouse, Black",6000,,0,,
HP M200 Wired Gaming Mouse 2400 MAX DPI RGB (BLACK/WHITE),1895,,0,,
"Altec Lansing ALGM9304 Wired Gaming Mouse up to 6400 DPI, 6 buttons RGB",1235,,0,,
Turtle Beach Pure Air Gaming Mouse,9999,,0,True,
2 Wireless Optical Mouse Mice 2.4GHz USB Receiver For Laptop PC Computer DPI USA,849,,0,True,
"New Listing Logitech PRO X2 SUPERSTRIKE Wireless Gaming Mouse White, 44000 DPI, Lightspeed",24599,,0,,
2.4GHz Wireless Optical Mouse USB Rechargeable RGB Cordless Mice For PC Laptop,769,,0,True,288
Logitech G502 Hero High Performance Gaming Mouse ~Fast Shipping,3499,,0,,131
Gaming Mouse Wireless USB Rechargeable 7 Color LED Backlight Optical Mice for PC,1233,,0,True,160
Logitech G PRO X Superlight Gaming Mouse - White (No Receiver) (/GM1-1566-MR0...,2999,Refurbished,0,True,134
Logitech G203 Prodigy RGB Wired Gaming Mouse – Black,1799,,0,True,275
Gaming Mice Mouse 6400 DPI USB RGB Flowing Backlit Light Wired PC Laptop Compute,999,,0,,
Logitech G502 X Wired Gaming Mouse - White - BRAND NEW SEALED,4999,,0,,
Razer DeathAdder Essential Wired Gaming Mouse 6400 DPI Optical Sensor E-sports,1499,,0,,
Glorious Forge Model O Pro Wireless BLUE LYNX,2599,Refurbished,0,True,79
Band New Razer Cobra Pro Lightweight Wireless Gaming Mouse,7649,,0,,
ENHANCE Theorem 2 MMO Gaming Mouse with 13 Programmable Side Buttons,2999,,0,,126
"Acer Predator Cestus 350 Wireless RGB Gaming Mouse – 16,000 DPI, 5 Buttons",8999,,0,True,
Turtle Beach Kone II Air Gaming Mouse,11999,,0,True,
Lenovo Lecoo MS105 Wired Gaming Mouse 3200 MAX DPI,1500,,0,,
EVGA X20 Wireless Gaming Mouse RGB 10 Buttons 3-Sensor Rechargeable BT 2.4G USB,4900,,0,,
HP Pavilion Gaming Mouse 300 | BRAND NEW,799,,0,True,
"Logitech PRO X2 SUPERSTRIKE Wireless Gaming Mouse White, 44000 DPI, Lightspeed",24799,,0,,
Razer DeathAdder Essential Mercury White Wired Gaming Mouse 6400 DPI USB,1621,,0,True,
"M1SE Wired Gaming Mouse with Honeycomb Shell, 12800DPI Optical Sensor, 6 Program",1199,,0,,
5500 DPI Gaming Mouse 7 Button USB Wired LED Breathing Fire Button Laptop PC,825,,0,True,396
Lenovo Lecoo MS108 Wired Gaming Mouse 6400 MAX DPI,1999,,0,,
2.4GHz Wireless Optical Mouse USB Rechargeable RGB Cordless Mice For PC Laptop,1198,,0,True,
2.4GHz Wireless Optical Mouse USB Rechargeable RGB Cordless Mice For PC Laptop,785,,0,True,
New Listing Razer DEATHADDER ESSENTIAL Wired Optical Gaming Mouse - WHITE RZ01-03850200-R3U1,1499,,0,,
Logitech Wireless Mouse M185 includes USB nano receiver,999,,0,True,97
Wireless Mouse Gaming Rechargeable Optical Mouse Cordless 7 Color LED Backlit PC,1539,,0,True,
"Redragon M612 Predator RGB Gaming Mouse, 8000 DPI Wired Optical Mouse",1999,,0,True,
USB Vertical Wired Mouse Ergonomic Gaming Optical Mice 2400 DPI for PC Computer,1091,,0,True,480
"Logitech Precision PRO Optical USB Wireless Gaming Mouse, Black 910-007450",2399,,0,,
"ATTACK SHARK X3 Lightweight Wireless Gaming Mouse, 49g Tri-Mode BT/2.4G/USB-C",3899,,0,,
Logitech G502 (910005565) Wireless Gaming Mouse,6999,,0,,
Logitech - G309 LIGHTSPEED Lightweight Wireless Gaming Mouse Black - 910-007197,3999,Refurbished,0,True,30
SteelSeries Aerox 5 Wireless 9-Button 18000 CPI Gaming Mouse (Refurbished),5999,Refurbished,0,True,96
New & Sealed! Razer DeathAdder Essential Wired Gaming Mouse White - NIB!,1499,,0,,
Gravastar Mercury X Magnesium Alloy Wireless Gaming Mouse,4495,,800,,
"G-Wolves Hati 56g Ultra Lightweight Wired Gaming Mouse, 6 Button PC/Mac Violet",1899,,650,,
Razer DeathAdder V3 - Ultra-lightweight Ergonomic Wired Esports Gaming Mouse,4399,,0,,
SteelSeries Rival 3 Gaming Mouse Brilliant Prism RGB Lighting Black,1599,Refurbished,0,True,56
Wireless Gaming Mouse with RGB Backlit 8000 DPI with Fire Button Macro Editin...,2199,,0,,31
Razer Viper V3 Pro Wireless Gaming Mouse Faker Edition Certified Refurbished,11999,Refurbished,0,True,19
For Bloody A90 Optical Gaming Mouse Colorful Glare Wired Mice Inactive version,5158,,0,,
Razer DeathAdder V2 X HyperSpeed Gen2 Wireless Ergonomic Gaming Mouse 5G 14K DPI,5400,,799,True,
